1,Red-Haired Pirate,All Might,Haruno,79,Strategic Genius,Alive
2,Hero,Levi,D. Teach,71,Wind Manipulation,Alive
3,Hokage,Luffy,Hatake,32,One for All,Dead
4,Demon Slayer,Zoro,Kamado,15,Mangekyou Sharingan,Alive
5,Byakugan Master,Sasuke,Uzumaki,61,Mystic Ki,Dead
6,Ackerman,Shanks,Tatsumaki,64,Rinnegan,Dead
7,Caped Baldy,Nezuko,Saitou,16,Gigantic Strength,Dead
8,Cherry Blossom,Hinata,Uchiha,74,One for All,Dead
9,Prince of Saiyans,Sakura,Yeager,58,Mangekyou Sharingan,Alive
10,Prince of Saiyans,Vegeta,Saitou,52,Titan Transformation,Alive
11,Copy Ninja,Saitama,Tatsumaki,80,Three-Sword Style,Dead
12,Byakugan Master,Nezuko,Kamado,24,Chakra Control,Dead
13,Prince of Saiyans,Itachi,Saitou,47,One for All,Dead
14,Symbol of Peace,Goku,Prince,73,Haki,Alive
15,Cherry Blossom,Sakura,Kurosaki,36,Lightning Blade,Alive
16,Cherry Blossom,Sasuke,Midoriya,54,Rinnegan,Alive
17,Cat Burglar,Itachi,Yeager,70,Limitless Strength,Dead
18,Ackerman,Kakashi,Hyuga,44,Three-Sword Style,Dead
19,Prince of Saiyans,Luffy,Briefs,62,Final Flash,Alive
20,Red-Haired Pirate,Goku,Kurosaki,39,Byakugan,Alive
21,Red-Haired Pirate,Hinata,Hyuga,58,Final Flash,Alive
22,Ackerman,Goku,Prince,27,Limitless Strength,Dead
23,Caped Baldy,Naruto,Hatake,66,Mystic Ki,Alive
24,Titan Slayer,Levi,Yeager,63,Mystic Ki,Dead
25,Prince of Saiyans,Luffy,Son,67,Three-Sword Style,Alive
26,Demon Slayer,Saitama,Ackerman,65,Final Flash,Alive
27,Swordsman,Zoro,Haruno,29,Haoshoku Haki,Dead
28,Symbol of Peace,Naruto,Ackerman,28,Mystic Ki,Alive
29,Caped Baldy,Levi,Roronoa,66,Haoshoku Haki,Alive
30,Copy Ninja,Luffy,Sensei,35,Chakra Control,Dead
31,Cherry Blossom,Kakashi,Ackerman,32,Three-Sword Style,Dead
32,Pirate King,Zoro,Tatsumaki,44,Lightning Blade,Alive
33,Copy Ninja,Naruto,Roronoa,72,Medical Ninjutsu,Dead
34,Red-Haired Pirate,Sasuke,Toshinori,80,Lightning Blade,Dead
35,Red-Haired Pirate,Goku,Ackerman,35,Limitless Strength,Alive
36,Avenger,Nezuko,Uchiha,79,Demon Arts,Dead
37,Crow,Luffy,Son,34,Rinnegan,Alive
38,Hero,Gohan,Hatake,80,Rinnegan,Alive
39,Titan Slayer,Hinata,Briefs,42,Mystic Ki,Dead
40,Crow,Vegeta,Uchiha,16,Chakra Control,Alive
41,Prince of Saiyans,Ichigo,Uzumaki,30,Chakra Control,Alive
42,Mystic Fighter,Goku,Monkey,51,Mangekyou Sharingan,Dead
43,Mystic Fighter,Shanks,Sensei,53,Final Flash,Dead
44,Byakugan Master,Naruto,Briefs,20,Haki,Dead
45,Pirate King,Kakashi,Prince,57,Strategic Genius,Dead
46,Hokage,Kakashi,Yeager,40,Mystic Ki,Dead
47,Demon Slayer,Nami,Yeager,37,Haki,Dead
48,Symbol of Peace,Sakura,Kurosaki,54,Haki,Dead
49,Hero,Eren,Ackerman,34,One for All,Alive
50,Saiyan Warrior,Ichigo,D. Teach,30,Mangekyou Sharingan,Alive
51,Hokage,Saitama,Midoriya,60,Strategic Genius,Alive
52,Pirate King,Zoro,Prince,30,Mystic Ki,Alive
53,Swordsman,Nami,Son,32,Super Strength,Dead
54,Prince of Saiyans,Zoro,Uchiha,53,One for All,Dead
55,Hero,All Might,Roronoa,40,Haki,Dead
56,Red-Haired Pirate,Naruto,Yeager,38,Three-Sword Style,Alive
57,Soul Reaper,Gohan,Kamado,44,Mangekyou Sharingan,Alive
58,Copy Ninja,Sakura,Prince,19,Titan Transformation,Dead
59,Crow,Vegeta,Roronoa,18,Final Flash,Alive
60,Caped Baldy,Sakura,Roronoa,57,Final Flash,Alive
61,Red-Haired Pirate,Naruto,Kurosaki,28,Haki,Alive
62,Avenger,Hinata,Kamado,53,Chakra Control,Alive
63,Swordsman,Deku,D. Teach,66,Wind Manipulation,Dead
64,Prince of Saiyans,Luffy,Hyuga,73,Demon Arts,Alive
65,Demon Slayer,Nezuko,Son,49,Rinnegan,Alive
66,Prince of Saiyans,Kakashi,Haruno,69,Gigantic Strength,Alive
67,Avenger,Eren,Uzumaki,76,Bankai,Dead
68,Prince of Saiyans,Itachi,Son,57,Byakugan,Dead
69,Pirate King,Nezuko,Briefs,62,Mangekyou Sharingan,Dead
70,Swordsman,Nami,Yeager,32,Three-Sword Style,Alive
71,Caped Baldy,Shanks,Kurosaki,79,Final Flash,Dead
72,Caped Baldy,Gohan,Yeager,60,Three-Sword Style,Alive
73,Cherry Blossom,Gohan,Briefs,31,Rinnegan,Dead
74,Soul Reaper,All Might,Ackerman,33,Lightning Blade,Alive
75,Byakugan Master,Goku,Ackerman,67,Haoshoku Haki,Alive
76,Prince of Saiyans,All Might,Uchiha,63,Final Flash,Alive
77,Crow,Goku,Briefs,61,Rinnegan,Dead
78,Mystic Fighter,Kakashi,Uchiha,20,Final Flash,Dead
79,Ackerman,Nezuko,Haruno,79,Strategic Genius,Alive
80,Red-Haired Pirate,Nezuko,Hyuga,61,Titan Transformation,Dead
81,Pirate King,Gohan,Tatsumaki,35,Chakra Control,Dead
82,Avenger,Nezuko,Ackerman,34,Limitless Strength,Dead
83,Hero,Zoro,Uchiha,59,Haki,Dead
84,Pirate King,Levi,Haruno,57,Mystic Ki,Dead
85,Symbol of Peace,Luffy,Midoriya,33,Wind Manipulation,Alive
86,Crow,Ichigo,Saitou,54,Haki,Dead
87,Titan Slayer,Vegeta,Roronoa,69,Rinnegan,Dead
88,Mystic Fighter,Itachi,Hatake,29,Haki,Dead
89,Avenger,Ichigo,D. Teach,72,Haki,Dead
90,Ackerman,Levi,Briefs,20,Titan Transformation,Alive
91,Cat Burglar,Gohan,Yeager,33,Bankai,Alive
92,Demon Slayer,Gohan,Uchiha,46,Final Flash,Dead
93,Copy Ninja,Vegeta,Hatake,24,Super Strength,Dead
94,Ackerman,Hinata,Midoriya,74,Haoshoku Haki,Alive
95,Swordsman,Shanks,Uchiha,27,Rinnegan,Alive
96,Hero,Nami,Midoriya,49,Demon Arts,Dead
97,Pirate King,Sakura,Hyuga,47,Medical Ninjutsu,Alive
98,Mystic Fighter,Naruto,Hyuga,53,Haki,Dead
99,Avenger,Eren,Uchiha,52,Haoshoku Haki,Alive
100,Red-Haired Pirate,Levi,Son,38,Mangekyou Sharingan,Dead
101,Soul Reaper,Deku,Saitou,38,Demon Arts,Dead
102,Copy Ninja,Goku,Toshinori,16,Demon Arts,Alive
103,Hero,Nezuko,Yeager,75,Haoshoku Haki,Alive
104,Cherry Blossom,Shanks,Roronoa,61,Bankai,Dead
105,Red-Haired Pirate,Itachi,Saitou,19,Wind Manipulation,Alive
106,Ackerman,Itachi,Hyuga,49,Strategic Genius,Dead
107,Swordsman,Deku,Tatsumaki,19,Mangekyou Sharingan,Alive
108,Hokage,Eren,Briefs,60,Strategic Genius,Dead
109,Hero,Levi,Kurosaki,79,Rinnegan,Alive
110,Red-Haired Pirate,Zoro,Tatsumaki,26,Medical Ninjutsu,Dead
111,Crow,Kakashi,Monkey,22,One for All,Alive
112,Ackerman,Saitama,Midoriya,75,Final Flash,Alive
113,Soul Reaper,Ichigo,Kurosaki,37,Lightning Blade,Dead
114,Swordsman,Zoro,Hyuga,57,Rinnegan,Alive
115,Swordsman,Gohan,Midoriya,25,Rinnegan,Dead
116,Crow,Sakura,Monkey,58,Chakra Control,Alive
117,Pirate King,Sakura,Ackerman,53,Rinnegan,Dead
118,Soul Reaper,Hinata,Son,21,Mystic Ki,Dead
119,Avenger,Goku,Roronoa,74,Strategic Genius,Alive
120,Soul Reaper,Vegeta,Toshinori,53,Haoshoku Haki,Dead
121,Avenger,Eren,Haruno,71,Lightning Blade,Dead
122,Caped Baldy,Itachi,Prince,79,Mystic Ki,Dead
123,Mystic Fighter,Naruto,Tatsumaki,59,Haoshoku Haki,Dead
124,Hokage,Deku,Yeager,20,Three-Sword Style,Alive
125,Avenger,Zoro,Roronoa,18,Rinnegan,Alive
126,Saiyan Warrior,Kakashi,Son,61,Limitless Strength,Dead
127,Swordsman,Itachi,Sensei,60,Chakra Control,Alive
128,Caped Baldy,Hinata,Prince,29,Titan Transformation,Dead
129,Hokage,Goku,Haruno,23,Limitless Strength,Alive
130,Crow,Nami,Kurosaki,15,Rinnegan,Alive
131,Avenger,Sakura,Sensei,31,Final Flash,Alive
132,Avenger,Gohan,Son,53,Strategic Genius,Dead
133,Hero,Itachi,Son,30,One for All,Alive
134,Prince of Saiyans,Shanks,Roronoa,77,Final Flash,Dead
135,Cherry Blossom,Vegeta,Uchiha,39,Demon Arts,Alive
136,Byakugan Master,Nami,Uzumaki,36,Lightning Blade,Dead
137,Soul Reaper,Nezuko,Uzumaki,32,Strategic Genius,Alive
138,Pirate King,Sasuke,Tatsumaki,74,Titan Transformation,Alive
139,Swordsman,Kakashi,Kamado,53,Gigantic Strength,Dead
140,Soul Reaper,Saitama,Briefs,22,Medical Ninjutsu,Dead
141,Crow,Goku,Toshinori,77,Super Strength,Alive
142,Ackerman,Goku,Hyuga,47,Mystic Ki,Alive
143,Saiyan Warrior,Hinata,Hatake,75,Wind Manipulation,Dead
144,Prince of Saiyans,Eren,Uchiha,74,Byakugan,Dead
145,Pirate King,Naruto,Yeager,57,Wind Manipulation,Dead
146,Titan Slayer,Nami,Kamado,53,Mangekyou Sharingan,Dead
147,Swordsman,Luffy,Uchiha,51,Rinnegan,Dead
148,Saiyan Warrior,Saitama,Toshinori,69,Gigantic Strength,Dead
149,Ackerman,Deku,Midoriya,80,Mangekyou Sharingan,Dead
150,Crow,Nezuko,Yeager,53,Limitless Strength,Alive
151,Caped Baldy,Sakura,Prince,30,Mangekyou Sharingan,Alive
152,Symbol of Peace,Itachi,Uchiha,26,Rinnegan,Alive
153,Copy Ninja,Nami,Uchiha,31,Mangekyou Sharingan,Dead
154,Pirate King,Vegeta,Kamado,77,Demon Arts,Alive
155,Soul Reaper,Goku,Roronoa,30,Titan Transformation,Dead
156,Caped Baldy,Deku,Midoriya,62,Mangekyou Sharingan,Dead
157,Mystic Fighter,All Might,Tatsumaki,20,Haoshoku Haki,Dead
158,Byakugan Master,Levi,Kurosaki,42,Rinnegan,Dead
159,Byakugan Master,Zoro,Uzumaki,79,Haki,Dead
160,Soul Reaper,Deku,Briefs,62,Titan Transformation,Dead
161,Cherry Blossom,Shanks,Hyuga,28,Limitless Strength,Dead
162,Hokage,Goku,Yeager,33,One for All,Alive
163,Ackerman,Gohan,D. Teach,45,Rinnegan,Dead
164,Titan Slayer,Sakura,Uzumaki,76,Byakugan,Alive
165,Caped Baldy,Saitama,Son,47,Lightning Blade,Dead
166,Cat Burglar,Itachi,Saitou,51,Demon Arts,Dead
167,Cat Burglar,Nami,Uzumaki,41,Strategic Genius,Alive
168,Saiyan Warrior,Itachi,D. Teach,64,Haoshoku Haki,Dead
169,Hokage,Gohan,Monkey,68,Titan Transformation,Dead
170,Ackerman,Levi,Kurosaki,32,Titan Transformation,Dead
171,Swordsman,Sakura,Toshinori,18,Mangekyou Sharingan,Dead
172,Crow,Kakashi,Ackerman,41,Mangekyou Sharingan,Dead
173,Titan Slayer,Naruto,Ackerman,28,One for All,Dead
174,Symbol of Peace,Itachi,Uzumaki,79,Mystic Ki,Alive
175,Soul Reaper,All Might,Saitou,41,One for All,Dead
176,Pirate King,Nami,Uchiha,37,Final Flash,Dead
177,Pirate King,Sasuke,Tatsumaki,18,Chakra Control,Alive
178,Byakugan Master,Saitama,D. Teach,18,One for All,Alive
179,Ackerman,Goku,Kamado,76,Titan Transformation,Alive
180,Caped Baldy,Gohan,Prince,17,Titan Transformation,Dead
181,Saiyan Warrior,Kakashi,Uchiha,78,Super Strength,Dead
182,Mystic Fighter,Saitama,Hatake,54,Strategic Genius,Alive
183,Swordsman,Nezuko,Son,35,Rinnegan,Dead
184,Pirate King,Nami,Yeager,68,Super Strength,Alive
185,Titan Slayer,Vegeta,Midoriya,31,Rinnegan,Dead
186,Saiyan Warrior,Itachi,Hatake,75,Haki,Dead
187,Titan Slayer,Naruto,Sensei,31,One for All,Dead
188,Pirate King,Sasuke,Haruno,28,Mystic Ki,Alive
189,Hokage,Shanks,Uchiha,38,Haoshoku Haki,Dead
190,Caped Baldy,Luffy,D. Teach,51,One for All,Dead
191,Pirate King,Deku,Kurosaki,47,Lightning Blade,Alive
192,Mystic Fighter,Eren,Kurosaki,55,Strategic Genius,Alive
193,Saiyan Warrior,Itachi,Haruno,49,Three-Sword Style,Dead
194,Prince of Saiyans,Nezuko,Monkey,56,Titan Transformation,Alive
195,Avenger,Goku,Monkey,37,Strategic Genius,Alive
196,Swordsman,Eren,Roronoa,32,Chakra Control,Alive
197,Titan Slayer,Kakashi,Kurosaki,62,One for All,Dead
198,Hero,Deku,Kurosaki,68,Rinnegan,Dead
199,Hokage,Saitama,Ackerman,23,Mangekyou Sharingan,Dead
200,Prince of Saiyans,Nami,Saitou,46,Wind Manipulation,Dead
201,Demon Slayer,Sasuke,Uchiha,72,One for All,Alive
202,Avenger,Vegeta,Sensei,30,Strategic Genius,Alive
203,Pirate King,Goku,Hatake,76,Final Flash,Dead
204,Symbol of Peace,Hinata,Yeager,37,Byakugan,Dead
205,Caped Baldy,All Might,Ackerman,34,Bankai,Alive
206,Demon Slayer,Saitama,Briefs,62,Lightning Blade,Dead
207,Demon Slayer,Gohan,Kamado,63,Haoshoku Haki,Dead
208,Hokage,Ichigo,D. Teach,47,Medical Ninjutsu,Alive
209,Saiyan Warrior,Kakashi,Sensei,69,Mangekyou Sharingan,Alive
210,Hokage,Nezuko,Prince,64,Super Strength,Alive
211,Hero,Hinata,Briefs,53,Mangekyou Sharingan,Dead
212,Hero,Nezuko,Toshinori,69,Mangekyou Sharingan,Dead
213,Cat Burglar,Zoro,Roronoa,21,Byakugan,Alive
214,Pirate King,Gohan,Kamado,39,One for All,Alive
215,Avenger,Luffy,Son,24,Limitless Strength,Dead
216,Ackerman,Sakura,Tatsumaki,54,Haki,Dead
217,Red-Haired Pirate,Nami,Saitou,61,Limitless Strength,Alive
218,Red-Haired Pirate,Naruto,Hatake,54,Final Flash,Alive
219,Soul Reaper,Hinata,Hatake,66,Mangekyou Sharingan,Dead
220,Byakugan Master,Gohan,Yeager,62,Three-Sword Style,Alive
221,Copy Ninja,Goku,Kamado,54,Titan Transformation,Alive
222,Saiyan Warrior,Eren,Tatsumaki,36,Bankai,Dead
223,Mystic Fighter,Nami,Hyuga,33,Byakugan,Dead
224,Prince of Saiyans,All Might,Midoriya,17,Haki,Dead
225,Cat Burglar,Deku,Roronoa,41,Wind Manipulation,Dead
226,Soul Reaper,Luffy,Son,46,Byakugan,Alive
227,Copy Ninja,Shanks,Saitou,43,Haoshoku Haki,Dead
228,Prince of Saiyans,Shanks,Yeager,61,Strategic Genius,Dead
229,Red-Haired Pirate,Levi,Yeager,48,Chakra Control,Alive
230,Ackerman,All Might,Roronoa,16,Gigantic Strength,Alive
231,Titan Slayer,Hinata,Kurosaki,22,Gigantic Strength,Alive
232,Copy Ninja,Sakura,Hatake,39,Medical Ninjutsu,Dead
233,Crow,Zoro,Haruno,72,Final Flash,Dead
234,Symbol of Peace,Zoro,Roronoa,26,Chakra Control,Alive
235,Soul Reaper,Shanks,Yeager,20,Medical Ninjutsu,Alive
236,Avenger,Ichigo,Uchiha,79,Rinnegan,Dead
237,Prince of Saiyans,Shanks,Yeager,39,Gigantic Strength,Dead
238,Prince of Saiyans,Sasuke,Hyuga,62,Demon Arts,Alive
239,Byakugan Master,Shanks,Son,78,Rinnegan,Dead
240,Cat Burglar,Gohan,Midoriya,77,Titan Transformation,Dead
241,Saiyan Warrior,Saitama,Uchiha,28,Mangekyou Sharingan,Dead
242,Demon Slayer,Goku,Hatake,62,Three-Sword Style,Dead
243,Soul Reaper,Nami,Prince,76,One for All,Alive
244,Byakugan Master,Zoro,Haruno,71,Haki,Alive
245,Pirate King,Sasuke,Prince,60,Mangekyou Sharingan,Dead
246,Hokage,Zoro,Son,16,Gigantic Strength,Dead
247,Cherry Blossom,Sasuke,Ackerman,64,Limitless Strength,Alive
248,Prince of Saiyans,Shanks,Hyuga,48,Limitless Strength,Alive
249,Ackerman,Kakashi,Hatake,41,Mangekyou Sharingan,Dead
250,Crow,Hinata,Sensei,32,One for All,Alive
251,Hero,Nezuko,Hatake,78,Haoshoku Haki,Alive
252,Byakugan Master,Hinata,Kamado,25,Demon Arts,Alive
253,Saiyan Warrior,Nami,Son,17,Gigantic Strength,Dead
254,Symbol of Peace,Luffy,Tatsumaki,15,One for All,Dead
255,Byakugan Master,Sasuke,Tatsumaki,67,Limitless Strength,Dead
256,Swordsman,Levi,Prince,25,Wind Manipulation,Alive
257,Saiyan Warrior,Vegeta,D. Teach,70,Final Flash,Alive
258,Swordsman,Naruto,Haruno,54,Mystic Ki,Dead
259,Pirate King,Eren,Prince,34,Mangekyou Sharingan,Dead
260,Titan Slayer,Levi,Prince,36,Titan Transformation,Dead
261,Hokage,Gohan,Kurosaki,45,Gigantic Strength,Dead
262,Avenger,Luffy,Sensei,77,Mystic Ki,Dead
263,Hero,Ichigo,Yeager,64,Limitless Strength,Alive
264,Symbol of Peace,Deku,Monkey,65,Gigantic Strength,Alive
265,Crow,Zoro,Toshinori,66,Mystic Ki,Dead
266,Ackerman,Naruto,Sensei,39,Demon Arts,Alive
267,Symbol of Peace,Luffy,D. Teach,40,Final Flash,Alive
268,Cherry Blossom,Zoro,Yeager,65,Haki,Dead
269,Avenger,Deku,Kurosaki,46,Medical Ninjutsu,Dead
270,Byakugan Master,Deku,Saitou,28,Mystic Ki,Alive
271,Demon Slayer,Saitama,Haruno,80,Haoshoku Haki,Dead
272,Byakugan Master,All Might,Roronoa,50,Super Strength,Alive
273,Cat Burglar,Nezuko,Haruno,43,Chakra Control,Alive
274,Mystic Fighter,Goku,Son,80,Strategic Genius,Dead
275,Avenger,Saitama,Hatake,15,Lightning Blade,Alive
276,Swordsman,Naruto,Uzumaki,40,Three-Sword Style,Dead
277,Saiyan Warrior,Levi,Briefs,72,Lightning Blade,Dead
278,Copy Ninja,Goku,Tatsumaki,75,Limitless Strength,Dead
279,Demon Slayer,All Might,Hatake,16,Bankai,Alive
280,Demon Slayer,Zoro,Hyuga,46,Strategic Genius,Alive
281,Byakugan Master,Naruto,Midoriya,48,Three-Sword Style,Dead
282,Red-Haired Pirate,Itachi,Sensei,32,One for All,Dead
283,Saiyan Warrior,Gohan,Son,73,Rinnegan,Alive
284,Demon Slayer,Sakura,Midoriya,23,Bankai,Alive
285,Avenger,Naruto,Haruno,58,Final Flash,Alive
286,Caped Baldy,Sakura,Kamado,79,Three-Sword Style,Alive
287,Ackerman,Shanks,Saitou,48,Lightning Blade,Alive
288,Titan Slayer,Ichigo,Haruno,55,Medical Ninjutsu,Dead
289,Pirate King,Shanks,Hyuga,15,Rinnegan,Alive
290,Byakugan Master,Hinata,Uzumaki,49,Mystic Ki,Dead
291,Crow,Gohan,Monkey,27,Strategic Genius,Dead
292,Hokage,Itachi,D. Teach,63,Gigantic Strength,Dead
293,Symbol of Peace,Levi,Ackerman,33,Wind Manipulation,Dead
294,Cat Burglar,Sasuke,Briefs,41,Bankai,Dead
295,Ackerman,Hinata,Toshinori,46,Gigantic Strength,Dead
296,Swordsman,Nami,Haruno,46,Limitless Strength,Alive
297,Caped Baldy,Luffy,Hatake,74,Haki,Alive
298,Cat Burglar,Deku,Hyuga,22,Haoshoku Haki,Alive
299,Avenger,Kakashi,Monkey,26,Final Flash,Dead
300,Byakugan Master,Deku,Toshinori,68,Demon Arts,Dead
301,Cat Burglar,Goku,Sensei,31,Limitless Strength,Alive
302,Saiyan Warrior,Zoro,Hyuga,55,Bankai,Alive
303,Saiyan Warrior,Levi,Sensei,36,Limitless Strength,Alive
304,Symbol of Peace,Hinata,Kurosaki,67,Demon Arts,Alive
305,Red-Haired Pirate,Kakashi,Ackerman,80,Haki,Dead
306,Hero,Luffy,Uchiha,43,Haki,Dead
307,Caped Baldy,Zoro,Monkey,47,Chakra Control,Dead
308,Cat Burglar,Eren,Son,78,Haki,Alive
309,Byakugan Master,Vegeta,Sensei,64,Chakra Control,Dead
310,Byakugan Master,Saitama,Yeager,71,Final Flash,Alive
311,Pirate King,Eren,Hyuga,37,Mystic Ki,Dead
312,Ackerman,Nezuko,Yeager,22,Three-Sword Style,Dead
313,Saiyan Warrior,Nami,Kamado,73,Gigantic Strength,Dead
314,Byakugan Master,Luffy,Toshinori,42,One for All,Dead
315,Cherry Blossom,Itachi,Uzumaki,47,Haoshoku Haki,Alive
316,Mystic Fighter,All Might,D. Teach,55,Limitless Strength,Dead
317,Symbol of Peace,Eren,Uchiha,18,Strategic Genius,Dead
318,Byakugan Master,Ichigo,Prince,49,Chakra Control,Dead
319,Swordsman,Itachi,Yeager,56,Gigantic Strength,Dead
320,Crow,Shanks,Kamado,34,Haki,Alive
321,Hero,Naruto,D. Teach,52,Chakra Control,Dead
322,Prince of Saiyans,Sasuke,Sensei,57,Limitless Strength,Dead
323,Cat Burglar,Saitama,Sensei,60,Byakugan,Alive
324,Cherry Blossom,Sakura,Son,16,Limitless Strength,Dead
325,Hero,Shanks,Midoriya,70,Mystic Ki,Alive
326,Saiyan Warrior,Zoro,Toshinori,16,Haki,Dead
327,Swordsman,Itachi,Prince,35,Wind Manipulation,Dead
328,Ackerman,Itachi,Kurosaki,76,Haki,Alive
329,Prince of Saiyans,Kakashi,Tatsumaki,24,Mangekyou Sharingan,Dead
330,Avenger,Luffy,Prince,53,Titan Transformation,Dead
331,Mystic Fighter,Nami,Son,49,Final Flash,Alive
332,Hero,Saitama,Hyuga,41,Limitless Strength,Alive
333,Hokage,All Might,Hyuga,67,Mangekyou Sharingan,Dead
334,Byakugan Master,Levi,Uchiha,55,Demon Arts,Dead
335,Titan Slayer,Itachi,Kamado,79,Byakugan,Dead
336,Soul Reaper,Gohan,Hyuga,52,Haoshoku Haki,Dead
337,Swordsman,Sasuke,Sensei,61,Mangekyou Sharingan,Alive
338,Crow,Goku,Son,16,Haki,Alive
339,Ackerman,Saitama,Ackerman,28,Medical Ninjutsu,Dead
340,Avenger,Luffy,Sensei,54,Super Strength,Alive
341,Cat Burglar,Sasuke,Kamado,25,Lightning Blade,Dead
342,Symbol of Peace,Itachi,Sensei,46,Strategic Genius,Alive
343,Cat Burglar,Nami,Midoriya,33,Lightning Blade,Dead
344,Cherry Blossom,Eren,Midoriya,74,Super Strength,Alive
345,Mystic Fighter,Ichigo,Son,16,Final Flash,Alive
346,Cat Burglar,Shanks,Briefs,80,Mystic Ki,Alive
347,Soul Reaper,Zoro,Toshinori,18,Strategic Genius,Alive
348,Copy Ninja,Sakura,Son,31,One for All,Dead
349,Crow,Ichigo,Prince,52,Titan Transformation,Dead
350,Cherry Blossom,Vegeta,Yeager,47,Lightning Blade,Dead
351,Cherry Blossom,Ichigo,Yeager,69,Gigantic Strength,Alive
352,Soul Reaper,Deku,Kamado,56,Haoshoku Haki,Dead
353,Red-Haired Pirate,Itachi,Son,39,Chakra Control,Alive
354,Crow,All Might,Yeager,65,Bankai,Dead
355,Pirate King,Luffy,Son,39,Final Flash,Dead
356,Saiyan Warrior,Hinata,Kurosaki,69,One for All,Alive
357,Byakugan Master,Gohan,Kurosaki,76,Gigantic Strength,Alive
358,Saiyan Warrior,Shanks,Tatsumaki,18,Mangekyou Sharingan,Dead
359,Soul Reaper,Itachi,Ackerman,26,Titan Transformation,Alive
360,Titan Slayer,Goku,D. Teach,32,Haki,Alive
361,Titan Slayer,Saitama,Briefs,59,Byakugan,Alive
362,Byakugan Master,Ichigo,Toshinori,58,One for All,Dead
363,Titan Slayer,Vegeta,Kurosaki,65,One for All,Dead
364,Mystic Fighter,Naruto,Midoriya,20,Haoshoku Haki,Dead
365,Red-Haired Pirate,Levi,Hatake,23,Chakra Control,Alive
366,Demon Slayer,Eren,Hyuga,62,Lightning Blade,Alive
367,Hero,Itachi,Haruno,37,Rinnegan,Dead
368,Hero,Hinata,Hyuga,50,Super Strength,Dead
369,Avenger,Naruto,Midoriya,21,Strategic Genius,Dead
370,Cat Burglar,Kakashi,Ackerman,72,Mystic Ki,Dead
371,Copy Ninja,Shanks,Toshinori,59,One for All,Alive
372,Copy Ninja,Nezuko,Monkey,43,Haoshoku Haki,Dead
373,Ackerman,Naruto,Kurosaki,35,Demon Arts,Alive
374,Cherry Blossom,Eren,D. Teach,54,Strategic Genius,Dead
375,Demon Slayer,Levi,Prince,80,Super Strength,Dead
376,Ackerman,Naruto,Kurosaki,34,Strategic Genius,Alive
377,Caped Baldy,Kakashi,Monkey,76,Rinnegan,Dead
378,Soul Reaper,Eren,Sensei,42,Mystic Ki,Alive
379,Swordsman,Saitama,Saitou,38,Mangekyou Sharingan,Alive
380,Pirate King,Eren,Tatsumaki,43,Lightning Blade,Alive
381,Hero,Gohan,Hyuga,67,Rinnegan,Alive
382,Pirate King,Vegeta,Ackerman,66,Byakugan,Alive
383,Avenger,Vegeta,Briefs,55,Final Flash,Dead
384,Cat Burglar,Hinata,Midoriya,41,Strategic Genius,Dead
385,Saiyan Warrior,Gohan,Son,76,Chakra Control,Dead
386,Swordsman,Sakura,Kamado,15,Final Flash,Dead
387,Titan Slayer,Levi,Prince,59,Three-Sword Style,Alive
388,Saiyan Warrior,Naruto,Roronoa,23,Mystic Ki,Alive
389,Ackerman,Zoro,Son,71,Strategic Genius,Dead
390,Prince of Saiyans,Gohan,Prince,29,Lightning Blade,Alive
391,Titan Slayer,Hinata,Briefs,53,Haoshoku Haki,Dead
392,Swordsman,Naruto,Tatsumaki,35,Wind Manipulation,Alive
393,Cherry Blossom,Gohan,Haruno,44,Gigantic Strength,Dead
394,Caped Baldy,Shanks,Yeager,75,Titan Transformation,Alive
395,Hokage,Deku,Kamado,47,Wind Manipulation,Dead
396,Ackerman,Sakura,Midoriya,20,Medical Ninjutsu,Dead
397,Prince of Saiyans,Shanks,Yeager,55,Gigantic Strength,Dead
398,Demon Slayer,Gohan,Haruno,43,Demon Arts,Dead
399,Avenger,Ichigo,Son,80,Super Strength,Alive
400,Titan Slayer,Zoro,D. Teach,21,Medical Ninjutsu,Alive
401,Pirate King,Ichigo,Yeager,46,Demon Arts,Dead
402,Soul Reaper,Shanks,Briefs,25,Haki,Dead
403,Cherry Blossom,Nezuko,Uchiha,70,Haoshoku Haki,Alive
404,Hokage,Sakura,Midoriya,20,Three-Sword Style,Dead
405,Mystic Fighter,Nezuko,Haruno,24,Titan Transformation,Alive
406,Hokage,Naruto,Kamado,41,Titan Transformation,Dead
407,Mystic Fighter,Nezuko,Uzumaki,18,Mangekyou Sharingan,Alive
408,Swordsman,Vegeta,Yeager,15,One for All,Dead
409,Swordsman,Kakashi,Yeager,53,Haki,Dead
410,Demon Slayer,Itachi,Hatake,77,One for All,Dead
411,Mystic Fighter,Naruto,Sensei,20,Mystic Ki,Dead
412,Ackerman,Nezuko,Tatsumaki,36,Haoshoku Haki,Dead
413,Ackerman,Sasuke,Uzumaki,51,Byakugan,Dead
414,Soul Reaper,All Might,Hyuga,31,Strategic Genius,Alive
415,Hero,Luffy,Briefs,69,Mangekyou Sharingan,Dead
416,Symbol of Peace,Kakashi,Toshinori,68,One for All,Dead
417,Saiyan Warrior,Kakashi,Toshinori,79,Strategic Genius,Dead
418,Cherry Blossom,Levi,Prince,50,Bankai,Alive
419,Hero,Nezuko,Kurosaki,30,Gigantic Strength,Alive
420,Pirate King,Eren,Kurosaki,17,Limitless Strength,Alive
421,Swordsman,Itachi,Kamado,65,Bankai,Dead
422,Red-Haired Pirate,Nezuko,Uzumaki,24,Medical Ninjutsu,Dead
423,Caped Baldy,Hinata,Tatsumaki,39,Titan Transformation,Dead
424,Crow,Levi,D. Teach,68,Mangekyou Sharingan,Alive
425,Byakugan Master,Kakashi,Haruno,52,Bankai,Alive
426,Avenger,Nami,Monkey,26,Final Flash,Dead
427,Symbol of Peace,Ichigo,Briefs,19,Lightning Blade,Alive
428,Cat Burglar,All Might,Uzumaki,34,Mangekyou Sharingan,Dead
429,Red-Haired Pirate,Hinata,Uchiha,73,Chakra Control,Alive
430,Cat Burglar,Kakashi,Hyuga,45,Chakra Control,Alive
431,Caped Baldy,Deku,Monkey,51,Strategic Genius,Alive
432,Cherry Blossom,Gohan,Tatsumaki,30,Final Flash,Dead
433,Cherry Blossom,Saitama,Uchiha,65,Three-Sword Style,Alive
434,Symbol of Peace,Deku,Midoriya,55,Limitless Strength,Alive
435,Ackerman,Shanks,D. Teach,36,Lightning Blade,Alive
436,Mystic Fighter,Sakura,Hatake,21,Final Flash,Alive
437,Prince of Saiyans,Ichigo,D. Teach,51,Three-Sword Style,Alive
438,Prince of Saiyans,Itachi,Prince,69,Mystic Ki,Alive
439,Cat Burglar,Nami,Briefs,38,Wind Manipulation,Dead
440,Red-Haired Pirate,Nami,Tatsumaki,75,Wind Manipulation,Alive
441,Hokage,Deku,Toshinori,39,Medical Ninjutsu,Alive
442,Soul Reaper,Zoro,Toshinori,60,Chakra Control,Alive
443,Saiyan Warrior,Deku,Son,79,Super Strength,Alive
444,Soul Reaper,Shanks,Yeager,53,Mangekyou Sharingan,Dead
445,Titan Slayer,Hinata,Haruno,70,Wind Manipulation,Alive
446,Red-Haired Pirate,Gohan,Toshinori,71,Byakugan,Alive
447,Crow,Hinata,Tatsumaki,56,Lightning Blade,Dead
448,Crow,Naruto,Saitou,20,Lightning Blade,Alive
449,Hero,Saitama,Uzumaki,33,One for All,Alive
450,Ackerman,Vegeta,Kamado,74,Titan Transformation,Dead
451,Hero,Nezuko,Sensei,71,Rinnegan,Dead
452,Soul Reaper,Gohan,Haruno,46,Wind Manipulation,Alive
453,Crow,Levi,Midoriya,21,Strategic Genius,Alive
454,Copy Ninja,All Might,Son,30,Wind Manipulation,Alive
455,Cherry Blossom,All Might,Sensei,64,Byakugan,Dead
456,Cat Burglar,Ichigo,Hatake,35,Byakugan,Dead
457,Cat Burglar,Goku,Briefs,73,Rinnegan,Alive
458,Saiyan Warrior,Shanks,Ackerman,34,Demon Arts,Alive
459,Soul Reaper,Gohan,Uzumaki,19,Haoshoku Haki,Dead
460,Copy Ninja,Levi,Kamado,38,Mangekyou Sharingan,Alive
461,Swordsman,Zoro,Midoriya,70,Demon Arts,Alive
462,Crow,Eren,Son,56,Final Flash,Dead
463,Prince of Saiyans,Gohan,Son,64,Mystic Ki,Alive
464,Mystic Fighter,Zoro,Tatsumaki,65,Strategic Genius,Alive
465,Avenger,Vegeta,Uzumaki,79,Strategic Genius,Dead
466,Demon Slayer,Goku,Tatsumaki,56,Mangekyou Sharingan,Dead
467,Red-Haired Pirate,Zoro,Kurosaki,64,Demon Arts,Dead
468,Prince of Saiyans,Zoro,Monkey,30,Rinnegan,Dead
469,Red-Haired Pirate,Shanks,Son,64,Medical Ninjutsu,Alive
470,Demon Slayer,Kakashi,D. Teach,47,Titan Transformation,Dead
471,Copy Ninja,Nami,Yeager,38,Medical Ninjutsu,Alive
472,Mystic Fighter,Gohan,Sensei,25,Strategic Genius,Dead
473,Cat Burglar,Naruto,Sensei,57,Titan Transformation,Dead
474,Cat Burglar,Goku,Yeager,73,Super Strength,Dead
475,Soul Reaper,Sakura,Haruno,52,Haoshoku Haki,Alive
476,Titan Slayer,Sasuke,Prince,56,Haki,Alive
477,Hokage,Nami,Midoriya,29,Rinnegan,Alive
478,Cat Burglar,All Might,Uzumaki,37,Rinnegan,Dead
479,Titan Slayer,Nami,Toshinori,41,Mystic Ki,Alive
480,Caped Baldy,Vegeta,Uchiha,76,Three-Sword Style,Dead
481,Demon Slayer,Goku,Tatsumaki,32,Limitless Strength,Alive
482,Cherry Blossom,Luffy,Midoriya,41,Chakra Control,Alive
483,Red-Haired Pirate,Deku,Monkey,72,Byakugan,Dead
484,Copy Ninja,Hinata,Uchiha,41,Wind Manipulation,Dead
485,Red-Haired Pirate,Sasuke,Kurosaki,56,Limitless Strength,Dead
486,Byakugan Master,All Might,Saitou,52,Haoshoku Haki,Dead
487,Avenger,Shanks,Kamado,77,Mystic Ki,Dead
488,Titan Slayer,Zoro,Haruno,65,Haki,Alive
489,Hero,Hinata,Haruno,74,Lightning Blade,Alive
490,Saiyan Warrior,Kakashi,Haruno,51,Rinnegan,Alive
491,Demon Slayer,Hinata,Son,52,Mangekyou Sharingan,Dead
492,Prince of Saiyans,Luffy,Tatsumaki,56,Haki,Dead
493,Crow,Eren,Haruno,74,Wind Manipulation,Alive
494,Mystic Fighter,Eren,Hatake,24,Strategic Genius,Alive
495,Hero,Vegeta,Prince,63,Byakugan,Dead
496,Symbol of Peace,Kakashi,Tatsumaki,30,Haki,Alive
497,Swordsman,Itachi,Son,64,Mangekyou Sharingan,Alive
498,Soul Reaper,Eren,Roronoa,78,Three-Sword Style,Dead
499,Soul Reaper,Naruto,Kurosaki,67,Wind Manipulation,Dead
500,Crow,All Might,Midoriya,56,Lightning Blade,Dead
501,Hero,Nezuko,Uchiha,25,Three-Sword Style,Dead
502,Demon Slayer,Deku,Kamado,42,Gigantic Strength,Dead
503,Prince of Saiyans,Luffy,Uchiha,64,Haoshoku Haki,Alive
504,Demon Slayer,Deku,Hatake,67,Strategic Genius,Alive
505,Mystic Fighter,Kakashi,Uzumaki,59,One for All,Dead
506,Byakugan Master,Nami,Midoriya,71,Bankai,Alive
507,Saiyan Warrior,Nami,Uzumaki,57,Wind Manipulation,Alive
508,Ackerman,Deku,Haruno,36,Three-Sword Style,Alive
509,Titan Slayer,Eren,Yeager,18,Gigantic Strength,Dead
510,Soul Reaper,Ichigo,Sensei,21,Final Flash,Dead
511,Crow,Sasuke,Uchiha,26,Mangekyou Sharingan,Alive
512,Caped Baldy,Shanks,Roronoa,80,One for All,Alive
513,Copy Ninja,Levi,Hyuga,62,Limitless Strength,Alive
514,Hero,Saitama,Yeager,35,Medical Ninjutsu,Dead
515,Titan Slayer,Luffy,Kurosaki,25,Demon Arts,Alive
516,Caped Baldy,Sakura,Son,51,Super Strength,Dead
517,Crow,Eren,Saitou,28,Demon Arts,Alive
518,Saiyan Warrior,Itachi,Prince,60,Rinnegan,Alive
519,Byakugan Master,Goku,Yeager,15,Gigantic Strength,Alive
520,Copy Ninja,Levi,Saitou,55,Strategic Genius,Alive
521,Mystic Fighter,Eren,Uzumaki,66,Rinnegan,Alive
522,Demon Slayer,Saitama,Prince,77,Lightning Blade,Dead
523,Hero,Ichigo,Briefs,15,Haki,Dead
524,Copy Ninja,Goku,Saitou,24,Limitless Strength,Alive
525,Hero,Itachi,Monkey,54,Bankai,Alive
526,Byakugan Master,Shanks,Sensei,31,Super Strength,Dead
527,Saiyan Warrior,Gohan,Sensei,80,Wind Manipulation,Dead
528,Caped Baldy,Sakura,Hatake,58,Super Strength,Dead
529,Prince of Saiyans,Luffy,Ackerman,59,Demon Arts,Alive
530,Byakugan Master,Eren,Tatsumaki,54,Mangekyou Sharingan,Alive
531,Avenger,Itachi,Briefs,26,Three-Sword Style,Dead
532,Saiyan Warrior,Itachi,Uchiha,19,Byakugan,Alive
533,Crow,Sakura,Hatake,40,Rinnegan,Alive
534,Mystic Fighter,Goku,Sensei,80,One for All,Alive
535,Prince of Saiyans,Gohan,Hyuga,54,Bankai,Alive
536,Avenger,Eren,Saitou,26,Wind Manipulation,Dead
537,Avenger,Gohan,Midoriya,57,Mystic Ki,Alive
538,Demon Slayer,Shanks,Kamado,60,Titan Transformation,Dead
539,Demon Slayer,All Might,Hatake,43,Chakra Control,Alive
540,Hero,Vegeta,Yeager,76,Medical Ninjutsu,Dead
541,Ackerman,All Might,Monkey,76,Bankai,Alive
542,Red-Haired Pirate,Eren,Uchiha,63,Demon Arts,Dead
543,Cherry Blossom,Deku,Saitou,16,Demon Arts,Dead
544,Symbol of Peace,All Might,Yeager,24,Byakugan,Dead
545,Soul Reaper,Naruto,Kurosaki,52,Chakra Control,Alive
546,Caped Baldy,Gohan,Monkey,62,Mangekyou Sharingan,Dead
547,Mystic Fighter,Ichigo,Hatake,24,Medical Ninjutsu,Dead
548,Hokage,Saitama,Prince,32,Demon Arts,Alive
549,Copy Ninja,Nezuko,Toshinori,64,Super Strength,Alive
550,Pirate King,Sakura,Briefs,60,Mystic Ki,Alive
551,Demon Slayer,Deku,Monkey,20,Haki,Alive
552,Soul Reaper,Hinata,Prince,58,Haki,Alive
553,Prince of Saiyans,Ichigo,Sensei,80,Byakugan,Dead
554,Caped Baldy,Goku,Monkey,71,Wind Manipulation,Alive
555,Crow,Zoro,Uchiha,20,Haoshoku Haki,Alive
556,Symbol of Peace,Nami,Uchiha,50,Haoshoku Haki,Alive
557,Red-Haired Pirate,Ichigo,Briefs,34,Medical Ninjutsu,Alive
558,Cherry Blossom,Itachi,Briefs,24,Haki,Dead
559,Avenger,Hinata,D. Teach,33,Titan Transformation,Alive
560,Swordsman,Itachi,Midoriya,27,Medical Ninjutsu,Dead
561,Mystic Fighter,Gohan,Ackerman,78,Bankai,Alive
562,Copy Ninja,Sasuke,Toshinori,47,One for All,Alive
563,Red-Haired Pirate,Levi,Son,31,Titan Transformation,Dead
564,Ackerman,Deku,Haruno,47,Strategic Genius,Dead
565,Crow,Levi,Son,55,Mangekyou Sharingan,Alive
566,Avenger,Nami,Midoriya,26,Wind Manipulation,Dead
567,Cherry Blossom,Itachi,Roronoa,67,Three-Sword Style,Alive
568,Hero,Itachi,Hyuga,64,Mangekyou Sharingan,Dead
569,Hokage,Deku,Hatake,16,Strategic Genius,Alive
570,Titan Slayer,Gohan,Uzumaki,79,One for All,Dead
571,Pirate King,Nami,Toshinori,16,Gigantic Strength,Alive
572,Pirate King,Vegeta,Saitou,42,Lightning Blade,Alive
573,Saiyan Warrior,Levi,Hyuga,37,Wind Manipulation,Dead
574,Pirate King,All Might,Midoriya,33,Byakugan,Dead
575,Mystic Fighter,Naruto,Saitou,49,One for All,Alive
576,Hokage,Nami,Kurosaki,53,One for All,Alive
577,Crow,Deku,Saitou,53,Rinnegan,Dead
578,Cat Burglar,Nami,Uchiha,56,Chakra Control,Alive
579,Hero,Vegeta,Uzumaki,31,Limitless Strength,Alive
580,Caped Baldy,Gohan,Son,37,Haoshoku Haki,Dead
581,Cherry Blossom,Shanks,Ackerman,38,Final Flash,Dead
582,Ackerman,Eren,Ackerman,28,One for All,Alive
583,Swordsman,Goku,Sensei,26,Final Flash,Dead
584,Caped Baldy,Luffy,Roronoa,53,Limitless Strength,Dead
585,Demon Slayer,Zoro,Son,47,One for All,Dead
586,Copy Ninja,Ichigo,Tatsumaki,69,Demon Arts,Alive
587,Cat Burglar,Ichigo,Toshinori,49,Demon Arts,Dead
588,Prince of Saiyans,Hinata,Ackerman,25,Medical Ninjutsu,Alive
589,Cherry Blossom,Sasuke,Yeager,31,One for All,Dead
590,Titan Slayer,Goku,D. Teach,19,Haki,Alive
591,Titan Slayer,Nezuko,Midoriya,39,Super Strength,Alive
592,Demon Slayer,Goku,Haruno,41,Titan Transformation,Dead
593,Mystic Fighter,All Might,Saitou,17,Lightning Blade,Alive
594,Cherry Blossom,Kakashi,Kurosaki,46,Limitless Strength,Dead
595,Copy Ninja,Ichigo,Ackerman,56,Bankai,Dead
596,Ackerman,Deku,Toshinori,49,Lightning Blade,Dead
597,Saiyan Warrior,Luffy,Haruno,44,Three-Sword Style,Alive
598,Pirate King,Zoro,D. Teach,69,Chakra Control,Alive
599,Cat Burglar,Gohan,Kurosaki,20,Wind Manipulation,Alive
600,Red-Haired Pirate,Zoro,Uzumaki,26,Haki,Alive
601,Red-Haired Pirate,Shanks,Kamado,66,Bankai,Dead
602,Titan Slayer,Nezuko,Briefs,68,Haki,Dead
603,Prince of Saiyans,Sakura,Prince,29,Super Strength,Dead
604,Prince of Saiyans,Gohan,Kurosaki,74,Medical Ninjutsu,Dead
605,Prince of Saiyans,Nami,Prince,70,Bankai,Alive
606,Crow,Saitama,D. Teach,29,Gigantic Strength,Dead
607,Cherry Blossom,Levi,Monkey,65,Mystic Ki,Dead
608,Hokage,Gohan,Tatsumaki,24,Mangekyou Sharingan,Dead
609,Saiyan Warrior,Itachi,Kurosaki,30,Chakra Control,Dead
610,Hero,Hinata,Haruno,46,Haoshoku Haki,Alive
611,Mystic Fighter,Zoro,Uzumaki,25,Medical Ninjutsu,Dead
612,Titan Slayer,Hinata,Yeager,75,Gigantic Strength,Dead
613,Cat Burglar,Luffy,Midoriya,75,Wind Manipulation,Alive
614,Mystic Fighter,Gohan,Monkey,66,Titan Transformation,Alive
615,Saiyan Warrior,Shanks,Monkey,75,Mangekyou Sharingan,Alive
616,Prince of Saiyans,Saitama,Tatsumaki,71,Three-Sword Style,Dead
617,Pirate King,Shanks,Roronoa,60,Chakra Control,Dead
618,Soul Reaper,All Might,Saitou,35,Super Strength,Dead
619,Avenger,Nezuko,Yeager,34,Byakugan,Dead
620,Red-Haired Pirate,All Might,Haruno,46,Medical Ninjutsu,Dead
621,Prince of Saiyans,Ichigo,Hatake,51,Super Strength,Alive
622,Cat Burglar,Nezuko,Saitou,48,Gigantic Strength,Dead
623,Ackerman,All Might,Kamado,69,Haoshoku Haki,Dead
624,Copy Ninja,Sasuke,Kurosaki,36,Demon Arts,Dead
625,Byakugan Master,Nezuko,Midoriya,25,Rinnegan,Alive
626,Avenger,Shanks,Yeager,26,Final Flash,Alive
627,Swordsman,Gohan,Haruno,66,Lightning Blade,Alive
628,Pirate King,Nezuko,Yeager,26,Chakra Control,Alive
629,Prince of Saiyans,Luffy,Uchiha,24,Haoshoku Haki,Alive
630,Caped Baldy,Saitama,Son,67,Rinnegan,Alive
631,Red-Haired Pirate,Saitama,Ackerman,41,Strategic Genius,Dead
632,Hero,Levi,Yeager,44,One for All,Dead
633,Soul Reaper,All Might,Prince,22,Super Strength,Alive
634,Hokage,Naruto,Hatake,79,Mystic Ki,Alive
635,Soul Reaper,Kakashi,Yeager,70,Haoshoku Haki,Alive
636,Hero,Gohan,Roronoa,35,Byakugan,Alive
637,Mystic Fighter,Kakashi,Ackerman,17,Super Strength,Alive
638,Soul Reaper,Levi,Uzumaki,63,Wind Manipulation,Dead
639,Cherry Blossom,Sakura,Sensei,51,Rinnegan,Dead
640,Byakugan Master,Hinata,Sensei,27,Final Flash,Alive
641,Swordsman,Shanks,Sensei,61,Haoshoku Haki,Dead
642,Red-Haired Pirate,Vegeta,Uzumaki,35,Limitless Strength,Alive
643,Mystic Fighter,Vegeta,Yeager,47,Haoshoku Haki,Alive
644,Swordsman,Eren,Toshinori,70,Bankai,Dead
645,Cat Burglar,Sakura,Son,39,Byakugan,Dead
646,Red-Haired Pirate,Naruto,Kurosaki,50,Titan Transformation,Alive
647,Prince of Saiyans,Kakashi,Kurosaki,40,Three-Sword Style,Alive
648,Red-Haired Pirate,Sakura,Prince,62,Medical Ninjutsu,Alive
649,Saiyan Warrior,Deku,Son,77,Lightning Blade,Alive
650,Saiyan Warrior,Kakashi,Ackerman,15,Limitless Strength,Alive
651,Hero,Goku,Uzumaki,24,Rinnegan,Alive
652,Swordsman,Itachi,D. Teach,72,Haoshoku Haki,Alive
653,Soul Reaper,Levi,Monkey,26,Chakra Control,Alive
654,Avenger,Vegeta,Prince,34,Lightning Blade,Dead
655,Symbol of Peace,Gohan,Uzumaki,61,Titan Transformation,Alive
656,Titan Slayer,All Might,Sensei,49,Limitless Strength,Alive
657,Ackerman,Goku,Sensei,17,Mangekyou Sharingan,Dead
658,Mystic Fighter,Itachi,Sensei,74,Chakra Control,Alive
659,Hokage,Eren,Briefs,67,Chakra Control,Alive
660,Cherry Blossom,Ichigo,Briefs,44,Lightning Blade,Dead
661,Byakugan Master,Nezuko,Roronoa,34,Three-Sword Style,Dead
662,Hero,Luffy,Roronoa,27,Chakra Control,Alive
663,Soul Reaper,Saitama,Hyuga,68,Mystic Ki,Alive
664,Prince of Saiyans,Levi,Sensei,32,Three-Sword Style,Alive
665,Swordsman,Sakura,Tatsumaki,32,Demon Arts,Alive
666,Cherry Blossom,Sakura,Yeager,17,Haki,Alive
667,Copy Ninja,Hinata,D. Teach,65,Bankai,Dead
668,Swordsman,Zoro,Toshinori,77,Rinnegan,Alive
669,Pirate King,Vegeta,Hyuga,22,Final Flash,Dead
670,Red-Haired Pirate,Ichigo,Ackerman,75,Three-Sword Style,Alive
671,Crow,Shanks,Midoriya,70,Demon Arts,Dead
672,Swordsman,Gohan,Uzumaki,24,Rinnegan,Alive
673,Prince of Saiyans,Sakura,Haruno,36,Strategic Genius,Alive
674,Hokage,Levi,Tatsumaki,25,Rinnegan,Dead
675,Prince of Saiyans,Sakura,Saitou,28,Lightning Blade,Dead
676,Titan Slayer,Goku,Roronoa,59,Super Strength,Alive
677,Titan Slayer,Luffy,Hyuga,71,Rinnegan,Dead
678,Copy Ninja,Nami,Midoriya,48,Three-Sword Style,Alive
679,Crow,Luffy,Monkey,71,Medical Ninjutsu,Dead
680,Crow,Vegeta,Roronoa,53,Mangekyou Sharingan,Dead
681,Swordsman,Shanks,D. Teach,56,Rinnegan,Dead
682,Pirate King,Naruto,Uchiha,54,Byakugan,Alive
683,Cherry Blossom,Naruto,Hatake,67,Wind Manipulation,Dead
684,Crow,Levi,Hatake,46,Gigantic Strength,Dead
685,Red-Haired Pirate,All Might,Yeager,70,Haki,Dead
686,Crow,Sasuke,Midoriya,56,Chakra Control,Alive
687,Saiyan Warrior,Goku,Tatsumaki,76,Haki,Dead
688,Cherry Blossom,Kakashi,Haruno,78,Medical Ninjutsu,Alive
689,Symbol of Peace,Naruto,Kamado,33,Mystic Ki,Alive
690,Pirate King,Zoro,Hatake,66,Byakugan,Dead
691,Titan Slayer,Levi,Monkey,35,Titan Transformation,Alive
692,Ackerman,Sakura,Midoriya,55,Byakugan,Dead
693,Mystic Fighter,Sasuke,D. Teach,31,Titan Transformation,Alive
694,Avenger,Nezuko,Monkey,68,Chakra Control,Alive
695,Ackerman,Vegeta,Uzumaki,31,Rinnegan,Alive
696,Red-Haired Pirate,Gohan,Yeager,22,Mangekyou Sharingan,Dead
697,Caped Baldy,Naruto,D. Teach,37,Haoshoku Haki,Dead
698,Pirate King,Saitama,Briefs,41,Mystic Ki,Dead
699,Mystic Fighter,Eren,Uzumaki,66,Wind Manipulation,Dead
700,Cat Burglar,Sasuke,Toshinori,21,Demon Arts,Dead
701,Avenger,Hinata,Hyuga,25,One for All,Dead
702,Mystic Fighter,Zoro,Saitou,46,Final Flash,Alive
703,Pirate King,Gohan,Uzumaki,17,Mangekyou Sharingan,Dead
704,Saiyan Warrior,Eren,Kamado,61,Super Strength,Dead
705,Hokage,Itachi,Uzumaki,65,Limitless Strength,Dead
706,Demon Slayer,Nami,Tatsumaki,52,Three-Sword Style,Alive
707,Hokage,Levi,D. Teach,18,Mangekyou Sharingan,Alive
708,Cherry Blossom,Nezuko,Uzumaki,80,Rinnegan,Alive
709,Red-Haired Pirate,Goku,Tatsumaki,74,One for All,Dead
710,Copy Ninja,Vegeta,Tatsumaki,51,Three-Sword Style,Alive
711,Mystic Fighter,Saitama,Sensei,49,Wind Manipulation,Alive
712,Byakugan Master,Gohan,Ackerman,19,Chakra Control,Alive
713,Swordsman,Ichigo,Uzumaki,41,Titan Transformation,Dead
714,Hokage,Kakashi,Kurosaki,52,Mystic Ki,Alive
715,Hero,Shanks,Kamado,62,Super Strength,Dead
716,Titan Slayer,Sakura,Haruno,36,Mystic Ki,Dead
717,Copy Ninja,Naruto,Prince,17,Demon Arts,Dead
718,Saiyan Warrior,All Might,Prince,80,Limitless Strength,Dead
719,Saiyan Warrior,Levi,Hyuga,54,Strategic Genius,Dead
720,Red-Haired Pirate,Luffy,Hyuga,29,Lightning Blade,Alive
721,Demon Slayer,Kakashi,Hyuga,48,Demon Arts,Alive
722,Titan Slayer,Sasuke,Son,57,Gigantic Strength,Dead
723,Cat Burglar,Levi,Hyuga,24,Limitless Strength,Dead
724,Titan Slayer,Goku,Hatake,38,Limitless Strength,Alive
725,Copy Ninja,Nezuko,Son,70,Chakra Control,Dead
726,Caped Baldy,Ichigo,Hatake,47,Byakugan,Alive
727,Saiyan Warrior,Eren,Monkey,64,Haoshoku Haki,Alive
728,Hokage,Saitama,Son,80,Titan Transformation,Dead
729,Avenger,Naruto,Sensei,78,Limitless Strength,Dead
730,Red-Haired Pirate,Kakashi,Uzumaki,45,Wind Manipulation,Alive
731,Copy Ninja,Eren,Uchiha,15,Wind Manipulation,Dead
732,Byakugan Master,Sasuke,Kurosaki,20,Bankai,Dead
733,Cat Burglar,Eren,Uchiha,58,Three-Sword Style,Dead
734,Cherry Blossom,Luffy,Hyuga,71,Titan Transformation,Alive
735,Saiyan Warrior,Eren,Hatake,50,Haki,Dead
736,Byakugan Master,Naruto,Yeager,73,Chakra Control,Dead
737,Demon Slayer,Naruto,Monkey,59,Chakra Control,Alive
738,Hero,Sakura,Briefs,73,Haoshoku Haki,Alive
739,Ackerman,Goku,Midoriya,39,Final Flash,Alive
740,Titan Slayer,Saitama,Kurosaki,34,Rinnegan,Alive
741,Copy Ninja,Shanks,Uchiha,36,Three-Sword Style,Dead
742,Cherry Blossom,Sasuke,Midoriya,35,Byakugan,Alive
743,Copy Ninja,Zoro,D. Teach,21,Super Strength,Alive
744,Saiyan Warrior,Levi,Uchiha,79,Rinnegan,Dead
745,Soul Reaper,Shanks,Kamado,59,Final Flash,Alive
746,Hero,Luffy,Hatake,31,Byakugan,Alive
747,Crow,Naruto,Roronoa,52,Demon Arts,Dead
748,Saiyan Warrior,Naruto,Uchiha,56,Titan Transformation,Dead
749,Saiyan Warrior,Naruto,Hyuga,28,Limitless Strength,Dead
750,Pirate King,Saitama,Saitou,37,Limitless Strength,Alive
751,Hero,Gohan,Uchiha,44,Haoshoku Haki,Dead
752,Titan Slayer,Sakura,Saitou,23,Mangekyou Sharingan,Dead
753,Avenger,Nezuko,Haruno,43,Three-Sword Style,Dead
754,Caped Baldy,Ichigo,Roronoa,33,Medical Ninjutsu,Alive
755,Crow,Nezuko,Kurosaki,34,Haoshoku Haki,Alive
756,Symbol of Peace,Saitama,Yeager,39,Demon Arts,Alive
757,Byakugan Master,Deku,Ackerman,57,Final Flash,Dead
758,Crow,Naruto,Ackerman,61,Demon Arts,Dead
759,Cherry Blossom,Sakura,Haruno,42,Wind Manipulation,Dead
760,Mystic Fighter,Zoro,Prince,53,Rinnegan,Dead
761,Cat Burglar,Shanks,Sensei,43,Titan Transformation,Alive
762,Cherry Blossom,Saitama,Kamado,51,Three-Sword Style,Alive
763,Hokage,Deku,Son,57,Medical Ninjutsu,Alive
764,Copy Ninja,Nami,Monkey,70,Medical Ninjutsu,Alive
765,Ackerman,Sakura,Kamado,80,Chakra Control,Dead
766,Hokage,Nezuko,Monkey,42,Mystic Ki,Alive
767,Crow,Naruto,Uchiha,52,Limitless Strength,Alive
768,Mystic Fighter,Deku,Briefs,51,Strategic Genius,Alive
769,Swordsman,Gohan,Uchiha,58,Three-Sword Style,Dead
770,Ackerman,Sakura,D. Teach,37,Mystic Ki,Alive
771,Ackerman,All Might,Briefs,45,Mystic Ki,Alive
772,Demon Slayer,Saitama,Tatsumaki,16,Bankai,Alive
773,Byakugan Master,Shanks,Yeager,43,Final Flash,Alive
774,Cherry Blossom,Nezuko,Son,34,Haoshoku Haki,Alive
775,Ackerman,Nezuko,Roronoa,46,Lightning Blade,Alive
776,Swordsman,Nezuko,Briefs,52,Chakra Control,Dead
777,Ackerman,Levi,Toshinori,73,Final Flash,Dead
778,Demon Slayer,Eren,Yeager,76,Strategic Genius,Dead
779,Cherry Blossom,Deku,Hyuga,69,Chakra Control,Dead
780,Hokage,Levi,Midoriya,48,Lightning Blade,Dead
781,Caped Baldy,Kakashi,Toshinori,60,Rinnegan,Dead
782,Hokage,Sakura,Kamado,66,Lightning Blade,Alive
783,Copy Ninja,Eren,Kamado,46,Chakra Control,Dead
784,Symbol of Peace,Hinata,Saitou,20,Haoshoku Haki,Dead
785,Swordsman,Naruto,Uchiha,62,Mystic Ki,Dead
786,Mystic Fighter,All Might,Sensei,34,Medical Ninjutsu,Alive
787,Pirate King,Vegeta,Hyuga,66,Mystic Ki,Alive
788,Caped Baldy,Shanks,Hyuga,43,Byakugan,Dead
789,Hokage,Shanks,D. Teach,29,Haoshoku Haki,Alive
790,Mystic Fighter,Naruto,Toshinori,48,Limitless Strength,Alive
791,Copy Ninja,Gohan,Tatsumaki,38,Byakugan,Alive
792,Caped Baldy,Vegeta,Ackerman,60,One for All,Dead
793,Byakugan Master,Zoro,Uzumaki,43,Haoshoku Haki,Dead
794,Demon Slayer,Saitama,Yeager,70,Bankai,Alive
795,Avenger,Goku,Midoriya,80,Three-Sword Style,Dead
796,Hero,All Might,Tatsumaki,80,Final Flash,Alive
797,Soul Reaper,Itachi,Kurosaki,42,Rinnegan,Dead
798,Red-Haired Pirate,Kakashi,Yeager,51,Super Strength,Dead
799,Copy Ninja,Itachi,Hatake,26,Mangekyou Sharingan,Dead
800,Cherry Blossom,Levi,Saitou,49,Wind Manipulation,Alive
801,Symbol of Peace,Goku,Prince,73,Bankai,Alive
802,Swordsman,Nezuko,Uchiha,59,Three-Sword Style,Dead
803,Mystic Fighter,Nezuko,Son,69,Strategic Genius,Alive
804,Saiyan Warrior,Sasuke,Kamado,70,Limitless Strength,Alive
805,Byakugan Master,Vegeta,Yeager,59,Chakra Control,Alive
806,Saiyan Warrior,Ichigo,Haruno,40,Medical Ninjutsu,Alive
807,Mystic Fighter,Nezuko,Uchiha,48,Mystic Ki,Alive
808,Hokage,Levi,Uzumaki,59,Bankai,Alive
809,Copy Ninja,Ichigo,Toshinori,48,Titan Transformation,Alive
810,Hokage,Goku,Haruno,56,Final Flash,Alive
811,Pirate King,Naruto,Saitou,80,Titan Transformation,Alive
812,Pirate King,Naruto,Kurosaki,23,Titan Transformation,Dead
813,Titan Slayer,Kakashi,Monkey,29,Lightning Blade,Dead
814,Cat Burglar,Hinata,Uchiha,55,Super Strength,Alive
815,Demon Slayer,Sakura,Ackerman,33,Chakra Control,Dead
816,Demon Slayer,Deku,Hatake,54,Gigantic Strength,Dead
817,Pirate King,Levi,Uzumaki,33,Chakra Control,Dead
818,Cherry Blossom,All Might,Tatsumaki,24,Titan Transformation,Alive
819,Copy Ninja,Vegeta,Sensei,64,Chakra Control,Alive
820,Ackerman,Eren,Haruno,39,Mystic Ki,Alive
821,Prince of Saiyans,Naruto,Uzumaki,59,Mystic Ki,Alive
822,Demon Slayer,Shanks,Uchiha,25,Rinnegan,Dead
823,Saiyan Warrior,Sakura,Hyuga,62,Final Flash,Alive
824,Hero,All Might,Kurosaki,27,Wind Manipulation,Alive
825,Mystic Fighter,Itachi,Kamado,47,Byakugan,Dead
826,Demon Slayer,Hinata,Monkey,63,Super Strength,Dead
827,Avenger,Zoro,Toshinori,73,Three-Sword Style,Alive
828,Crow,Goku,Hyuga,32,Limitless Strength,Alive
829,Titan Slayer,Naruto,Monkey,23,Limitless Strength,Alive
830,Avenger,Hinata,Haruno,36,Strategic Genius,Alive
831,Hokage,Eren,Midoriya,71,Limitless Strength,Alive
832,Soul Reaper,Levi,Roronoa,32,Chakra Control,Dead
833,Red-Haired Pirate,Deku,Ackerman,20,Three-Sword Style,Dead
834,Mystic Fighter,Sakura,D. Teach,27,Final Flash,Dead
835,Crow,Eren,Tatsumaki,23,Mystic Ki,Alive
836,Demon Slayer,Luffy,Ackerman,22,Demon Arts,Alive
837,Symbol of Peace,Gohan,Tatsumaki,23,Lightning Blade,Dead
838,Mystic Fighter,Zoro,Briefs,76,Wind Manipulation,Dead
839,Cat Burglar,Kakashi,Roronoa,72,Demon Arts,Alive
840,Prince of Saiyans,Zoro,Briefs,79,Mystic Ki,Dead
841,Pirate King,Nami,Tatsumaki,18,Mangekyou Sharingan,Alive
842,Cat Burglar,Zoro,Kurosaki,27,Bankai,Alive
843,Demon Slayer,Levi,Ackerman,28,Three-Sword Style,Alive
844,Hero,Sasuke,Uchiha,43,Chakra Control,Dead
845,Titan Slayer,All Might,Ackerman,61,Rinnegan,Alive
846,Demon Slayer,Luffy,Uzumaki,54,Gigantic Strength,Alive
847,Prince of Saiyans,Deku,Hatake,60,Lightning Blade,Dead
848,Demon Slayer,Ichigo,Roronoa,37,Final Flash,Alive
849,Caped Baldy,Deku,Toshinori,16,Super Strength,Dead
850,Ackerman,Goku,Tatsumaki,79,Haki,Alive
851,Ackerman,All Might,D. Teach,74,Mystic Ki,Dead
852,Red-Haired Pirate,All Might,D. Teach,48,Three-Sword Style,Dead
853,Saiyan Warrior,Ichigo,Ackerman,39,Bankai,Dead
854,Cherry Blossom,Luffy,Son,77,Strategic Genius,Dead
855,Copy Ninja,Goku,Uchiha,68,Byakugan,Alive
856,Avenger,Hinata,Tatsumaki,66,Super Strength,Dead
857,Hokage,Itachi,Roronoa,78,Limitless Strength,Alive
858,Titan Slayer,Eren,Son,17,Mangekyou Sharingan,Dead
859,Ackerman,Ichigo,Uchiha,62,Mystic Ki,Alive
860,Hero,Zoro,Uzumaki,26,Lightning Blade,Dead
861,Titan Slayer,Shanks,D. Teach,41,One for All,Alive
862,Cat Burglar,Nezuko,Kurosaki,39,Limitless Strength,Dead
863,Saiyan Warrior,Deku,Kurosaki,51,Super Strength,Alive
864,Caped Baldy,All Might,Yeager,22,Haki,Dead
865,Titan Slayer,Sakura,Briefs,53,One for All,Alive
866,Swordsman,Kakashi,Saitou,35,Limitless Strength,Dead
867,Titan Slayer,Goku,Midoriya,53,Wind Manipulation,Alive
868,Pirate King,All Might,Uzumaki,39,Mystic Ki,Alive
869,Titan Slayer,Hinata,Briefs,30,Haoshoku Haki,Dead
870,Saiyan Warrior,Zoro,Hyuga,73,Byakugan,Alive
871,Demon Slayer,All Might,Briefs,18,Chakra Control,Alive
872,Symbol of Peace,Sasuke,Son,24,Mangekyou Sharingan,Alive
873,Demon Slayer,Sasuke,Uchiha,29,Byakugan,Dead
874,Hero,Ichigo,Ackerman,29,Wind Manipulation,Dead
875,Soul Reaper,Gohan,Son,60,Gigantic Strength,Alive
876,Byakugan Master,Hinata,Tatsumaki,56,Mangekyou Sharingan,Dead
877,Ackerman,Ichigo,Hatake,50,Lightning Blade,Dead
878,Ackerman,Zoro,Ackerman,66,Lightning Blade,Dead
879,Prince of Saiyans,Nezuko,Haruno,37,Strategic Genius,Dead
880,Cherry Blossom,Gohan,D. Teach,24,Rinnegan,Alive
881,Soul Reaper,Hinata,Roronoa,53,Byakugan,Alive
882,Ackerman,Levi,Ackerman,47,Haoshoku Haki,Dead
883,Red-Haired Pirate,Hinata,Uzumaki,26,Chakra Control,Dead
884,Avenger,Sasuke,Haruno,50,Titan Transformation,Dead
885,Ackerman,Gohan,Tatsumaki,74,Mangekyou Sharingan,Alive
886,Hero,Vegeta,Hatake,71,Limitless Strength,Alive
887,Hokage,Goku,Toshinori,30,Final Flash,Alive
888,Cat Burglar,All Might,Prince,25,Super Strength,Alive
889,Saiyan Warrior,Zoro,Roronoa,26,Strategic Genius,Dead
890,Mystic Fighter,Eren,Son,35,Medical Ninjutsu,Alive
891,Red-Haired Pirate,Itachi,Uzumaki,52,Rinnegan,Dead
892,Copy Ninja,Ichigo,Briefs,69,Haki,Alive
893,Red-Haired Pirate,Shanks,Uzumaki,19,Rinnegan,Dead
894,Avenger,Saitama,Saitou,61,Gigantic Strength,Dead
895,Demon Slayer,Goku,Tatsumaki,43,Mangekyou Sharingan,Alive
896,Saiyan Warrior,Shanks,Ackerman,62,Chakra Control,Dead
897,Ackerman,Sakura,Monkey,24,Lightning Blade,Dead
898,Caped Baldy,Deku,D. Teach,48,One for All,Alive
899,Avenger,Eren,Roronoa,21,Lightning Blade,Alive
900,Ackerman,Vegeta,Midoriya,24,Byakugan,Alive
901,Caped Baldy,Itachi,Monkey,79,Medical Ninjutsu,Dead
902,Copy Ninja,Naruto,Saitou,63,Haoshoku Haki,Alive
903,Titan Slayer,Levi,Hatake,69,Haoshoku Haki,Alive
904,Symbol of Peace,Vegeta,Kamado,53,Haoshoku Haki,Dead
905,Prince of Saiyans,Nami,Prince,55,Gigantic Strength,Alive
906,Prince of Saiyans,Sakura,Haruno,50,Strategic Genius,Alive
907,Cat Burglar,Levi,Tatsumaki,56,Strategic Genius,Alive
908,Demon Slayer,Gohan,D. Teach,79,Mystic Ki,Dead
909,Hokage,Nezuko,Uzumaki,66,Rinnegan,Alive
910,Demon Slayer,All Might,D. Teach,71,Wind Manipulation,Alive
911,Cat Burglar,Levi,Saitou,66,One for All,Dead
912,Copy Ninja,Zoro,Monkey,63,Limitless Strength,Dead
913,Symbol of Peace,Nami,Tatsumaki,65,Lightning Blade,Dead
914,Hokage,Ichigo,Uzumaki,29,Strategic Genius,Dead
915,Hokage,Eren,Kamado,38,Rinnegan,Dead
916,Prince of Saiyans,Eren,Tatsumaki,32,Titan Transformation,Dead
917,Copy Ninja,Ichigo,Tatsumaki,64,One for All,Alive
918,Cat Burglar,Gohan,Kurosaki,21,Rinnegan,Dead
919,Soul Reaper,Levi,D. Teach,73,Strategic Genius,Alive
920,Pirate King,Sasuke,Monkey,32,Wind Manipulation,Dead
921,Mystic Fighter,Sasuke,Sensei,35,Bankai,Dead
922,Hero,Kakashi,Kurosaki,49,Byakugan,Dead
923,Prince of Saiyans,Sakura,Roronoa,69,Mystic Ki,Dead
924,Soul Reaper,Hinata,Hatake,69,Haoshoku Haki,Alive
925,Demon Slayer,Luffy,Uchiha,78,Mystic Ki,Dead
926,Saiyan Warrior,Itachi,Uchiha,16,Chakra Control,Dead
927,Cherry Blossom,Nami,Toshinori,64,Lightning Blade,Dead
928,Hero,Shanks,Son,36,Three-Sword Style,Alive
929,Pirate King,Ichigo,Saitou,43,Mystic Ki,Alive
930,Titan Slayer,Eren,Kamado,46,Wind Manipulation,Dead
931,Swordsman,Gohan,Uzumaki,47,Byakugan,Alive
932,Prince of Saiyans,Nezuko,Sensei,29,Super Strength,Alive
933,Prince of Saiyans,Naruto,Ackerman,28,Wind Manipulation,Alive
934,Ackerman,Hinata,Midoriya,52,Haoshoku Haki,Alive
935,Symbol of Peace,Zoro,Kurosaki,49,Gigantic Strength,Dead
936,Pirate King,Naruto,Haruno,46,Haki,Dead
937,Pirate King,Nami,Son,78,One for All,Alive
938,Crow,Saitama,Hyuga,39,Chakra Control,Alive
939,Prince of Saiyans,Nami,Roronoa,74,Mangekyou Sharingan,Alive
940,Swordsman,Sasuke,Kurosaki,33,One for All,Alive
941,Hokage,Kakashi,Uchiha,19,Mangekyou Sharingan,Dead
942,Pirate King,Ichigo,Monkey,74,Strategic Genius,Dead
943,Cherry Blossom,Gohan,Uchiha,71,Wind Manipulation,Dead
944,Crow,Sasuke,D. Teach,51,Byakugan,Alive
945,Symbol of Peace,Saitama,Haruno,49,Haoshoku Haki,Dead
946,Cat Burglar,Zoro,Briefs,55,Lightning Blade,Alive
947,Mystic Fighter,Deku,Yeager,80,Limitless Strength,Dead
948,Demon Slayer,Nami,Roronoa,73,Mystic Ki,Alive
949,Demon Slayer,Hinata,Roronoa,50,Wind Manipulation,Dead
950,Pirate King,Deku,Sensei,57,Limitless Strength,Dead
951,Avenger,Naruto,D. Teach,38,Rinnegan,Dead
952,Symbol of Peace,Deku,Kurosaki,42,Three-Sword Style,Dead
953,Titan Slayer,Naruto,Son,48,Bankai,Dead
954,Saiyan Warrior,Shanks,Briefs,75,Chakra Control,Alive
955,Cat Burglar,Levi,Roronoa,31,Byakugan,Alive
956,Demon Slayer,Levi,Prince,58,Byakugan,Alive
957,Caped Baldy,Zoro,Yeager,78,Rinnegan,Dead
958,Cat Burglar,All Might,Uchiha,43,Chakra Control,Dead
959,Hokage,Levi,Prince,65,Medical Ninjutsu,Alive
960,Pirate King,Naruto,Ackerman,63,Chakra Control,Alive
961,Crow,Luffy,Uzumaki,35,Demon Arts,Dead
962,Symbol of Peace,Nezuko,Midoriya,16,Mystic Ki,Dead
963,Hokage,Zoro,Uzumaki,36,One for All,Dead
964,Hero,Luffy,Prince,31,Lightning Blade,Dead
965,Cherry Blossom,Levi,Tatsumaki,31,Strategic Genius,Dead
966,Ackerman,Vegeta,D. Teach,33,Limitless Strength,Alive
967,Red-Haired Pirate,Levi,D. Teach,66,Haoshoku Haki,Alive
968,Copy Ninja,Saitama,Ackerman,43,Limitless Strength,Dead
969,Cherry Blossom,Hinata,Monkey,79,Haki,Dead
970,Pirate King,Hinata,Roronoa,70,Titan Transformation,Dead
971,Demon Slayer,Sasuke,Midoriya,69,Haki,Dead
972,Pirate King,Nami,Prince,57,One for All,Alive
973,Crow,Levi,Ackerman,22,Wind Manipulation,Alive
974,Mystic Fighter,Sasuke,Prince,15,Three-Sword Style,Alive
975,Copy Ninja,Hinata,Monkey,59,Limitless Strength,Alive
976,Saiyan Warrior,Nami,Tatsumaki,26,Gigantic Strength,Dead
977,Byakugan Master,Levi,Hyuga,65,Limitless Strength,Alive
978,Symbol of Peace,Sakura,Toshinori,22,Bankai,Alive
979,Copy Ninja,Zoro,Son,18,Wind Manipulation,Dead
980,Crow,Ichigo,Uchiha,67,Strategic Genius,Alive
981,Ackerman,Deku,Uchiha,75,Lightning Blade,Alive
982,Cherry Blossom,Luffy,Son,76,Rinnegan,Alive
983,Titan Slayer,Ichigo,Haruno,45,Titan Transformation,Alive
984,Saiyan Warrior,Gohan,Briefs,46,Final Flash,Alive
985,Pirate King,All Might,Son,62,Haoshoku Haki,Dead
986,Crow,Gohan,Hatake,37,Chakra Control,Alive
987,Byakugan Master,Gohan,Hatake,76,Byakugan,Dead
988,Avenger,Shanks,Ackerman,44,Strategic Genius,Dead
989,Prince of Saiyans,Saitama,Hyuga,66,Chakra Control,Dead
990,Prince of Saiyans,Luffy,Briefs,25,Super Strength,Alive
991,Cherry Blossom,Goku,Prince,29,Haki,Alive
992,Hokage,Hinata,Uzumaki,46,Medical Ninjutsu,Dead
993,Byakugan Master,Kakashi,Son,22,Demon Arts,Alive
994,Copy Ninja,Sasuke,Toshinori,40,Haoshoku Haki,Dead
995,Crow,Kakashi,Saitou,59,One for All,Alive
996,Titan Slayer,Levi,Ackerman,55,Strategic Genius,Dead
997,Crow,Kakashi,Yeager,18,Strategic Genius,Alive
998,Mystic Fighter,Levi,Hyuga,31,Byakugan,Dead
999,Mystic Fighter,Deku,Tatsumaki,32,Haki,Alive
1000,Byakugan Master,Sasuke,Hatake,38,Haki,Alive
1001,Byakugan Master,Sasuke,Hatake,38,Haki,Alive